field,record_number,system_code,external_system_id,id_type,id_number,volume,hospital_code,site,location_code,start_date,end_date,short_note,comment_1,comment_2
,1,SRC_PAS_V83,MRN10001,GEN,AUTO0001,,AUTO0001,,AUTO0001,01/01/2024,01/01/2024,Auto-derived value,Auto-derived value,Auto-derived value
,2,SRC_PAS_V83,MRN10002,GEN,AUTO0002,,AUTO0002,,AUTO0002,01/01/2024,01/01/2024,Auto-derived value,Auto-derived value,Auto-derived value
,3,SRC_PAS_V83,MRN10003,GEN,AUTO0003,,AUTO0003,,AUTO0003,01/01/2024,01/01/2024,Auto-derived value,Auto-derived value,Auto-derived value
,4,SRC_PAS_V83,MRN10004,GEN,AUTO0004,,AUTO0004,,AUTO0004,01/01/2024,01/01/2024,Auto-derived value,Auto-derived value,Auto-derived value
,5,SRC_PAS_V83,MRN10005,GEN,AUTO0005,,AUTO0005,,AUTO0005,01/01/2024,01/01/2024,Auto-derived value,Auto-derived value,Auto-derived value
,6,SRC_PAS_V83,MRN10006,GEN,AUTO0006,,AUTO0006,,AUTO0006,01/01/2024,01/01/2024,Auto-derived value,Auto-derived value,Auto-derived value
,7,SRC_PAS_V83,MRN10007,GEN,AUTO0007,,AUTO0007,,AUTO0007,01/01/2024,01/01/2024,Auto-derived value,Auto-derived value,Auto-derived value
,8,SRC_PAS_V83,MRN10008,GEN,AUTO0008,,AUTO0008,,AUTO0008,01/01/2024,01/01/2024,Auto-derived value,Auto-derived value,Auto-derived value
,9,SRC_PAS_V83,MRN10009,GEN,AUTO0009,,AUTO0009,,AUTO0009,01/01/2024,01/01/2024,Auto-derived value,Auto-derived value,Auto-derived value
,10,SRC_PAS_V83,MRN10010,GEN,AUTO0010,,AUTO0010,,AUTO0010,01/01/2024,01/01/2024,Auto-derived value,Auto-derived value,Auto-derived value
,11,SRC_PAS_V83,MRN10011,GEN,AUTO0011,,AUTO0011,,AUTO0011,01/01/2024,01/01/2024,Auto-derived value,Auto-derived value,Auto-derived value
,12,SRC_PAS_V83,MRN10012,GEN,AUTO0012,,AUTO0012,,AUTO0012,01/01/2024,01/01/2024,Auto-derived value,Auto-derived value,Auto-derived value
,13,SRC_PAS_V83,MRN10013,GEN,AUTO0013,,AUTO0013,,AUTO0013,01/01/2024,01/01/2024,Auto-derived value,Auto-derived value,Auto-derived value
,14,SRC_PAS_V83,MRN10014,GEN,AUTO0014,,AUTO0014,,AUTO0014,01/01/2024,01/01/2024,Auto-derived value,Auto-derived value,Auto-derived value
,15,SRC_PAS_V83,MRN10015,GEN,AUTO0015,,AUTO0015,,AUTO0015,01/01/2024,01/01/2024,Auto-derived value,Auto-derived value,Auto-derived value
,16,SRC_PAS_V83,MRN10016,GEN,AUTO0016,,AUTO0016,,AUTO0016,01/01/2024,01/01/2024,Auto-derived value,Auto-derived value,Auto-derived value
,17,SRC_PAS_V83,MRN10017,GEN,AUTO0017,,AUTO0017,,AUTO0017,01/01/2024,01/01/2024,Auto-derived value,Auto-derived value,Auto-derived value
,18,SRC_PAS_V83,MRN10018,GEN,AUTO0018,,AUTO0018,,AUTO0018,01/01/2024,01/01/2024,Auto-derived value,Auto-derived value,Auto-derived value
,19,SRC_PAS_V83,MRN10019,GEN,AUTO0019,,AUTO0019,,AUTO0019,01/01/2024,01/01/2024,Auto-derived value,Auto-derived value,Auto-derived value
,20,SRC_PAS_V83,MRN10020,GEN,AUTO0020,,AUTO0020,,AUTO0020,01/01/2024,01/01/2024,Auto-derived value,Auto-derived value,Auto-derived value
